Workbook

Sheet Datas
A2: BaremeNDa3 | E2: Présence | G2: Choix
A3: ND | E3: Présent | G3: Oui
A4: 1 | E4: Absent | G4: Non
A5: 2 | E5: Abs. Justifiée
A6: 3

Sheet Grille Evaluation M2
G1: Présences Hebdomadaires du lundi au vendredi (Individuel) | R1: 1° Suivi de Réalisation Hebdomadaire du lundi au jeudi, Evaluation Individuelle (coef.1) | AE1: 2° Soutenance et Démonstration, Evaluation de Groupe du Vendredi (coef.2)
A2: Actif | B2: Nom | C2: Prénom | D2: Email | E2: Classe | F2: Groupe | G2: Lundi | I2: Mardi | K2: Mercredi | M2: Jeudi | O2: Vendredi | R2: Engagement, Assiduité & Posture | S2: Expertise technique | T2: Agilité & Autonomie | U2: Collaboration Transversale | V2: Rigueur d'ingénierie & Organisation | AB2: Total Individuel | AC2: Remarque Individuelle | AE2: Axe 1 : Démo live & remédiation autonome | AF2: Axe 2 : Expertise technique & cohérence des 5 piliers | AG2: Axe 3 Clip Chrono & dashboard | AH2: Axe 4 Gouvernance, NIS2/DORA & pitch | AI2: Axe 5 Dossier technique & Q&A | AO2: Total Groupe | AP2: Remarque Groupe | AQ2: Total Workshop | AR2: Workshop Validé | AS2: PACO Recommandé | AT2: Jury 1 | AU2: Jury 2
G3: AM | H3: PM | I3: AM | J3: PM | K3: AM | L3: PM | M3: AM | N3: PM | O3: AM | P3: PM | R3: 4 | S3: 4 | T3: 4 | U3: 4 | V3: 4 | AB3: /20 | AE3: 5 | AF3: 4 | AG3: 4 | AH3: 4 | AI3: 3 | AO3: /20 | AQ3: /20
A4: x | B4: DUPONT | C4: Michel | D4: dupont.michel@ecoles-epsi.fr | E4: M2-C1 | F4: 1 | R4: ND | S4: 2 | T4: 3 | U4: 1 | V4: 1 | W4: =IF(R4="ND",0,R4*R$3/MAX(Datas!$A$3:$A$6)) -> 0 | X4: =IF(S4="ND",0,S4*S$3/MAX(Datas!$A$3:$A$6)) -> 2.6666667 | Y4: =IF(T4="ND",0,T4*T$3/MAX(Datas!$A$3:$A$6)) -> 4 | Z4: =IF(U4="ND",0,U4*U$3/MAX(Datas!$A$3:$A$6)) -> 1.3333333 | AA4: =IF(V4="ND",0,V4*V$3/MAX(Datas!$A$3:$A$6)) -> 1.3333333 | AB4: =IF(A4="x",SUM(W4:AA4),"") -> 9.3333333 | AE4: 3 | AF4: 2 | AG4: ND | AH4: 3 | AI4: 1 | AJ4: =IF(AE4="ND",0,AE4*AE$3/MAX(Datas!$A$3:$A$6)) -> 5 | AK4: =IF(AF4="ND",0,AF4*AF$3/MAX(Datas!$A$3:$A$6)) -> 2.6666667 | AL4: =IF(AG4="ND",0,AG4*AG$3/MAX(Datas!$A$3:$A$6)) -> 0 | AM4: =IF(AH4="ND",0,AH4*AH$3/MAX(Datas!$A$3:$A$6)) -> 4 | AN4: =IF(AI4="ND",0,AI4*AI$3/MAX(Datas!$A$3:$A$6)) -> 1 | AO4: =IF(COUNTIF(A4:A8,"x")>0,SUM(AJ4:AN4),"") -> 12.666667 | AQ4: =IF(A4="x",(AB4+(AO4*2))/3,"") -> 11.555556
A5: x | B5: DURAND | C5: Claude | D5: durant.claude2@ecoles-epsi.fr | E5: M2-C1 | F5: =IF(F4="","",F4) -> 1 | R5: 3 | S5: 3 | T5: 3 | U5: 3 | V5: 3 | W5: =IF(R5="ND",0,R5*R$3/MAX(Datas!$A$3:$A$6)) -> 4 | X5: =IF(S5="ND",0,S5*S$3/MAX(Datas!$A$3:$A$6)) -> 4 | Y5: =IF(T5="ND",0,T5*T$3/MAX(Datas!$A$3:$A$6)) -> 4 | Z5: =IF(U5="ND",0,U5*U$3/MAX(Datas!$A$3:$A$6)) -> 4 | AA5: =IF(V5="ND",0,V5*V$3/MAX(Datas!$A$3:$A$6)) -> 4 | AB5: =IF(A5="x",SUM(W5:AA5),"") -> 20 | AJ5: =AJ4 -> 5 | AK5: =AK4 -> 2.6666667 | AL5: =AL4 -> 0 | AM5: =AM4 -> 4 | AN5: =AN4 -> 1 | AO5: =AO4 -> 12.666667 | AP5: =IF(AP4="","",AP4) | AQ5: =IF(A5="x",(AB5+(AO4*2))/3,"") -> 15.111111 | AT5: =IF(AT4="","",AT4) | AU5: =IF(AU4="","",AU4)
F6: =IF(F5="","",F5) -> 1 | W6: =IF(R6="ND",0,R6*R$3/MAX(Datas!$A$3:$A$6)) -> 0 | X6: =IF(S6="ND",0,S6*S$3/MAX(Datas!$A$3:$A$6)) -> 0 | Y6: =IF(T6="ND",0,T6*T$3/MAX(Datas!$A$3:$A$6)) -> 0 | Z6: =IF(U6="ND",0,U6*U$3/MAX(Datas!$A$3:$A$6)) -> 0 | AA6: =IF(V6="ND",0,V6*V$3/MAX(Datas!$A$3:$A$6)) -> 0 | AB6: =IF(A6="x",SUM(W6:AA6),"") | AJ6: =AJ5 -> 5 | AK6: =AK5 -> 2.6666667 | AL6: =AL5 -> 0 | AM6: =AM5 -> 4 | AN6: =AN5 -> 1 | AO6: =AO5 -> 12.666667 | AP6: =IF(AP5="","",AP5) | AQ6: =IF(A6="x",(AB6+(AO4*2))/3,"") | AT6: =IF(AT5="","",AT5) | AU6: =IF(AU5="","",AU5)
F7: =IF(F6="","",F6) -> 1 | W7: =IF(R7="ND",0,R7*R$3/MAX(Datas!$A$3:$A$6)) -> 0 | X7: =IF(S7="ND",0,S7*S$3/MAX(Datas!$A$3:$A$6)) -> 0 | Y7: =IF(T7="ND",0,T7*T$3/MAX(Datas!$A$3:$A$6)) -> 0 | Z7: =IF(U7="ND",0,U7*U$3/MAX(Datas!$A$3:$A$6)) -> 0 | AA7: =IF(V7="ND",0,V7*V$3/MAX(Datas!$A$3:$A$6)) -> 0 | AB7: =IF(A7="x",SUM(W7:AA7),"") | AJ7: =AJ6 -> 5 | AK7: =AK6 -> 2.6666667 | AL7: =AL6 -> 0 | AM7: =AM6 -> 4 | AN7: =AN6 -> 1 | AO7: =AO6 -> 12.666667 | AP7: =IF(AP6="","",AP6) | AQ7: =IF(A7="x",(AB7+(AO4*2))/3,"") | AT7: =IF(AT6="","",AT6) | AU7: =IF(AU6="","",AU6)
F8: =IF(F7="","",F7) -> 1 | W8: =IF(R8="ND",0,R8*R$3/MAX(Datas!$A$3:$A$6)) -> 0 | X8: =IF(S8="ND",0,S8*S$3/MAX(Datas!$A$3:$A$6)) -> 0 | Y8: =IF(T8="ND",0,T8*T$3/MAX(Datas!$A$3:$A$6)) -> 0 | Z8: =IF(U8="ND",0,U8*U$3/MAX(Datas!$A$3:$A$6)) -> 0 | AA8: =IF(V8="ND",0,V8*V$3/MAX(Datas!$A$3:$A$6)) -> 0 | AB8: =IF(A8="x",SUM(W8:AA8),"") | AJ8: =AJ7 -> 5 | AK8: =AK7 -> 2.6666667 | AL8: =AL7 -> 0 | AM8: =AM7 -> 4 | AN8: =AN7 -> 1 | AO8: =AO7 -> 12.666667 | AP8: =IF(AP7="","",AP7) | AQ8: =IF(A8="x",(AB8+(AO4*2))/3,"") | AT8: =IF(AT7="","",AT7) | AU8: =IF(AU7="","",AU7)
W9: =IF(R9="ND",0,R9*R$3/MAX(Datas!$A$3:$A$6)) -> 0 | X9: =IF(S9="ND",0,S9*S$3/MAX(Datas!$A$3:$A$6)) -> 0 | Y9: =IF(T9="ND",0,T9*T$3/MAX(Datas!$A$3:$A$6)) -> 0 | Z9: =IF(U9="ND",0,U9*U$3/MAX(Datas!$A$3:$A$6)) -> 0 | AA9: =IF(V9="ND",0,V9*V$3/MAX(Datas!$A$3:$A$6)) -> 0 | AB9: =IF(A9="x",SUM(W9:AA9),"") | AJ9: =IF(AE9="ND",0,AE9*AE$3/MAX(Datas!$A$3:$A$6)) -> 0 | AK9: =IF(AF9="ND",0,AF9*AF$3/MAX(Datas!$A$3:$A$6)) -> 0 | AL9: =IF(AG9="ND",0,AG9*AG$3/MAX(Datas!$A$3:$A$6)) -> 0 | AM9: =IF(AH9="ND",0,AH9*AH$3/MAX(Datas!$A$3:$A$6)) -> 0 | AN9: =IF(AI9="ND",0,AI9*AI$3/MAX(Datas!$A$3:$A$6)) -> 0 | AO9: =IF(COUNTIF(A9:A13,"x")>0,SUM(AJ9:AN9),"") | AQ9: =IF(A9="x",(AB9+(AO9*2))/3,"")
F10: =IF(F9="","",F9) | W10: =IF(R10="ND",0,R10*R$3/MAX(Datas!$A$3:$A$6)) -> 0 | X10: =IF(S10="ND",0,S10*S$3/MAX(Datas!$A$3:$A$6)) -> 0 | Y10: =IF(T10="ND",0,T10*T$3/MAX(Datas!$A$3:$A$6)) -> 0 | Z10: =IF(U10="ND",0,U10*U$3/MAX(Datas!$A$3:$A$6)) -> 0 | AA10: =IF(V10="ND",0,V10*V$3/MAX(Datas!$A$3:$A$6)) -> 0 | AB10: =IF(A10="x",SUM(W10:AA10),"") | AJ10: =AJ9 -> 0 | AK10: =AK9 -> 0 | AL10: =AL9 -> 0 | AM10: =AM9 -> 0 | AN10: =AN9 -> 0 | AO10: =AO9 | AP10: =IF(AP9="","",AP9) | AQ10: =IF(A10="x",(AB10+(AO9*2))/3,"") | AT10: =IF(AT9="","",AT9) | AU10: =IF(AU9="","",AU9)
F11: =IF(F10="","",F10) | W11: =IF(R11="ND",0,R11*R$3/MAX(Datas!$A$3:$A$6)) -> 0 | X11: =IF(S11="ND",0,S11*S$3/MAX(Datas!$A$3:$A$6)) -> 0 | Y11: =IF(T11="ND",0,T11*T$3/MAX(Datas!$A$3:$A$6)) -> 0 | Z11: =IF(U11="ND",0,U11*U$3/MAX(Datas!$A$3:$A$6)) -> 0 | AA11: =IF(V11="ND",0,V11*V$3/MAX(Datas!$A$3:$A$6)) -> 0 | AB11: =IF(A11="x",SUM(W11:AA11),"") | AJ11: =AJ10 -> 0 | AK11: =AK10 -> 0 | AL11: =AL10 -> 0 | AM11: =AM10 -> 0 | AN11: =AN10 -> 0 | AO11: =AO10 | AP11: =IF(AP10="","",AP10) | AQ11: =IF(A11="x",(AB11+(AO9*2))/3,"") | AT11: =IF(AT10="","",AT10) | AU11: =IF(AU10="","",AU10)
F12: =IF(F11="","",F11) | W12: =IF(R12="ND",0,R12*R$3/MAX(Datas!$A$3:$A$6)) -> 0 | X12: =IF(S12="ND",0,S12*S$3/MAX(Datas!$A$3:$A$6)) -> 0 | Y12: =IF(T12="ND",0,T12*T$3/MAX(Datas!$A$3:$A$6)) -> 0 | Z12: =IF(U12="ND",0,U12*U$3/MAX(Datas!$A$3:$A$6)) -> 0 | AA12: =IF(V12="ND",0,V12*V$3/MAX(Datas!$A$3:$A$6)) -> 0 | AB12: =IF(A12="x",SUM(W12:AA12),"") | AJ12: =AJ11 -> 0 | AK12: =AK11 -> 0 | AL12: =AL11 -> 0 | AM12: =AM11 -> 0 | AN12: =AN11 -> 0 | AO12: =AO11 | AP12: =IF(AP11="","",AP11) | AQ12: =IF(A12="x",(AB12+(AO9*2))/3,"") | AT12: =IF(AT11="","",AT11) | AU12: =IF(AU11="","",AU11)
F13: =IF(F12="","",F12) | W13: =IF(R13="ND",0,R13*R$3/MAX(Datas!$A$3:$A$6)) -> 0 | X13: =IF(S13="ND",0,S13*S$3/MAX(Datas!$A$3:$A$6)) -> 0 | Y13: =IF(T13="ND",0,T13*T$3/MAX(Datas!$A$3:$A$6)) -> 0 | Z13: =IF(U13="ND",0,U13*U$3/MAX(Datas!$A$3:$A$6)) -> 0 | AA13: =IF(V13="ND",0,V13*V$3/MAX(Datas!$A$3:$A$6)) -> 0 | AB13: =IF(A13="x",SUM(W13:AA13),"") | AJ13: =AJ12 -> 0 | AK13: =AK12 -> 0 | AL13: =AL12 -> 0 | AM13: =AM12 -> 0 | AN13: =AN12 -> 0 | AO13: =AO12 | AP13: =IF(AP12="","",AP12) | AQ13: =IF(A13="x",(AB13+(AO9*2))/3,"") | AT13: =IF(AT12="","",AT12) | AU13: =IF(AU12="","",AU12)
W14: =IF(R14="ND",0,R14*R$3/MAX(Datas!$A$3:$A$6)) -> 0 | X14: =IF(S14="ND",0,S14*S$3/MAX(Datas!$A$3:$A$6)) -> 0 | Y14: =IF(T14="ND",0,T14*T$3/MAX(Datas!$A$3:$A$6)) -> 0 | Z14: =IF(U14="ND",0,U14*U$3/MAX(Datas!$A$3:$A$6)) -> 0 | AA14: =IF(V14="ND",0,V14*V$3/MAX(Datas!$A$3:$A$6)) -> 0 | AB14: =IF(A14="x",SUM(W14:AA14),"") | AJ14: =IF(AE14="ND",0,AE14*AE$3/MAX(Datas!$A$3:$A$6)) -> 0 | AK14: =IF(AF14="ND",0,AF14*AF$3/MAX(Datas!$A$3:$A$6)) -> 0 | AL14: =IF(AG14="ND",0,AG14*AG$3/MAX(Datas!$A$3:$A$6)) -> 0 | AM14: =IF(AH14="ND",0,AH14*AH$3/MAX(Datas!$A$3:$A$6)) -> 0 | AN14: =IF(AI14="ND",0,AI14*AI$3/MAX(Datas!$A$3:$A$6)) -> 0 | AO14: =IF(COUNTIF(A14:A18,"x")>0,SUM(AJ14:AN14),"") | AQ14: =IF(A14="x",(AB14+(AO14*2))/3,"")
F15: =IF(F14="","",F14) | W15: =IF(R15="ND",0,R15*R$3/MAX(Datas!$A$3:$A$6)) -> 0 | X15: =IF(S15="ND",0,S15*S$3/MAX(Datas!$A$3:$A$6)) -> 0 | Y15: =IF(T15="ND",0,T15*T$3/MAX(Datas!$A$3:$A$6)) -> 0 | Z15: =IF(U15="ND",0,U15*U$3/MAX(Datas!$A$3:$A$6)) -> 0 | AA15: =IF(V15="ND",0,V15*V$3/MAX(Datas!$A$3:$A$6)) -> 0 | AB15: =IF(A15="x",SUM(W15:AA15),"") | AJ15: =AJ14 -> 0 | AK15: =AK14 -> 0 | AL15: =AL14 -> 0 | AM15: =AM14 -> 0 | AN15: =AN14 -> 0 | AO15: =AO14 | AP15: =IF(AP14="","",AP14) | AQ15: =IF(A15="x",(AB15+(AO14*2))/3,"") | AT15: =IF(AT14="","",AT14) | AU15: =IF(AU14="","",AU14)
F16: =IF(F15="","",F15) | W16: =IF(R16="ND",0,R16*R$3/MAX(Datas!$A$3:$A$6)) -> 0 | X16: =IF(S16="ND",0,S16*S$3/MAX(Datas!$A$3:$A$6)) -> 0 | Y16: =IF(T16="ND",0,T16*T$3/MAX(Datas!$A$3:$A$6)) -> 0 | Z16: =IF(U16="ND",0,U16*U$3/MAX(Datas!$A$3:$A$6)) -> 0 | AA16: =IF(V16="ND",0,V16*V$3/MAX(Datas!$A$3:$A$6)) -> 0 | AB16: =IF(A16="x",SUM(W16:AA16),"") | AJ16: =AJ15 -> 0 | AK16: =AK15 -> 0 | AL16: =AL15 -> 0 | AM16: =AM15 -> 0 | AN16: =AN15 -> 0 | AO16: =AO15 | AP16: =IF(AP15="","",AP15) | AQ16: =IF(A16="x",(AB16+(AO14*2))/3,"") | AT16: =IF(AT15="","",AT15) | AU16: =IF(AU15="","",AU15)
F17: =IF(F16="","",F16) | W17: =IF(R17="ND",0,R17*R$3/MAX(Datas!$A$3:$A$6)) -> 0 | X17: =IF(S17="ND",0,S17*S$3/MAX(Datas!$A$3:$A$6)) -> 0 | Y17: =IF(T17="ND",0,T17*T$3/MAX(Datas!$A$3:$A$6)) -> 0 | Z17: =IF(U17="ND",0,U17*U$3/MAX(Datas!$A$3:$A$6)) -> 0 | AA17: =IF(V17="ND",0,V17*V$3/MAX(Datas!$A$3:$A$6)) -> 0 | AB17: =IF(A17="x",SUM(W17:AA17),"") | AJ17: =AJ16 -> 0 | AK17: =AK16 -> 0 | AL17: =AL16 -> 0 | AM17: =AM16 -> 0 | AN17: =AN16 -> 0 | AO17: =AO16 | AP17: =IF(AP16="","",AP16) | AQ17: =IF(A17="x",(AB17+(AO14*2))/3,"") | AT17: =IF(AT16="","",AT16) | AU17: =IF(AU16="","",AU16)
F18: =IF(F17="","",F17) | W18: =IF(R18="ND",0,R18*R$3/MAX(Datas!$A$3:$A$6)) -> 0 | X18: =IF(S18="ND",0,S18*S$3/MAX(Datas!$A$3:$A$6)) -> 0 | Y18: =IF(T18="ND",0,T18*T$3/MAX(Datas!$A$3:$A$6)) -> 0 | Z18: =IF(U18="ND",0,U18*U$3/MAX(Datas!$A$3:$A$6)) -> 0 | AA18: =IF(V18="ND",0,V18*V$3/MAX(Datas!$A$3:$A$6)) -> 0 | AB18: =IF(A18="x",SUM(W18:AA18),"") | AJ18: =AJ17 -> 0 | AK18: =AK17 -> 0 | AL18: =AL17 -> 0 | AM18: =AM17 -> 0 | AN18: =AN17 -> 0 | AO18: =AO17 | AP18: =IF(AP17="","",AP17) | AQ18: =IF(A18="x",(AB18+(AO14*2))/3,"") | AT18: =IF(AT17="","",AT17) | AU18: =IF(AU17="","",AU17)
W19: =IF(R19="ND",0,R19*R$3/MAX(Datas!$A$3:$A$6)) -> 0 | X19: =IF(S19="ND",0,S19*S$3/MAX(Datas!$A$3:$A$6)) -> 0 | Y19: =IF(T19="ND",0,T19*T$3/MAX(Datas!$A$3:$A$6)) -> 0 | Z19: =IF(U19="ND",0,U19*U$3/MAX(Datas!$A$3:$A$6)) -> 0 | AA19: =IF(V19="ND",0,V19*V$3/MAX(Datas!$A$3:$A$6)) -> 0 | AB19: =IF(A19="x",SUM(W19:AA19),"") | AJ19: =IF(AE19="ND",0,AE19*AE$3/MAX(Datas!$A$3:$A$6)) -> 0 | AK19: =IF(AF19="ND",0,AF19*AF$3/MAX(Datas!$A$3:$A$6)) -> 0 | AL19: =IF(AG19="ND",0,AG19*AG$3/MAX(Datas!$A$3:$A$6)) -> 0 | AM19: =IF(AH19="ND",0,AH19*AH$3/MAX(Datas!$A$3:$A$6)) -> 0 | AN19: =IF(AI19="ND",0,AI19*AI$3/MAX(Datas!$A$3:$A$6)) -> 0 | AO19: =IF(COUNTIF(A19:A23,"x")>0,SUM(AJ19:AN19),"") | AQ19: =IF(A19="x",(AB19+(AO19*2))/3,"")
F20: =IF(F19="","",F19) | W20: =IF(R20="ND",0,R20*R$3/MAX(Datas!$A$3:$A$6)) -> 0 | X20: =IF(S20="ND",0,S20*S$3/MAX(Datas!$A$3:$A$6)) -> 0 | Y20: =IF(T20="ND",0,T20*T$3/MAX(Datas!$A$3:$A$6)) -> 0 | Z20: =IF(U20="ND",0,U20*U$3/MAX(Datas!$A$3:$A$6)) -> 0 | AA20: =IF(V20="ND",0,V20*V$3/MAX(Datas!$A$3:$A$6)) -> 0 | AB20: =IF(A20="x",SUM(W20:AA20),"") | AJ20: =AJ19 -> 0 | AK20: =AK19 -> 0 | AL20: =AL19 -> 0 | AM20: =AM19 -> 0 | AN20: =AN19 -> 0 | AO20: =AO19 | AP20: =IF(AP19="","",AP19) | AQ20: =IF(A20="x",(AB20+(AO19*2))/3,"") | AT20: =IF(AT19="","",AT19) | AU20: =IF(AU19="","",AU19)
F21: =IF(F20="","",F20) | W21: =IF(R21="ND",0,R21*R$3/MAX(Datas!$A$3:$A$6)) -> 0 | X21: =IF(S21="ND",0,S21*S$3/MAX(Datas!$A$3:$A$6)) -> 0 | Y21: =IF(T21="ND",0,T21*T$3/MAX(Datas!$A$3:$A$6)) -> 0 | Z21: =IF(U21="ND",0,U21*U$3/MAX(Datas!$A$3:$A$6)) -> 0 | AA21: =IF(V21="ND",0,V21*V$3/MAX(Datas!$A$3:$A$6)) -> 0 | AB21: =IF(A21="x",SUM(W21:AA21),"") | AJ21: =AJ20 -> 0 | AK21: =AK20 -> 0 | AL21: =AL20 -> 0 | AM21: =AM20 -> 0 | AN21: =AN20 -> 0 | AO21: =AO20 | AP21: =IF(AP20="","",AP20) | AQ21: =IF(A21="x",(AB21+(AO19*2))/3,"") | AT21: =IF(AT20="","",AT20) | AU21: =IF(AU20="","",AU20)
F22: =IF(F21="","",F21) | W22: =IF(R22="ND",0,R22*R$3/MAX(Datas!$A$3:$A$6)) -> 0 | X22: =IF(S22="ND",0,S22*S$3/MAX(Datas!$A$3:$A$6)) -> 0 | Y22: =IF(T22="ND",0,T22*T$3/MAX(Datas!$A$3:$A$6)) -> 0 | Z22: =IF(U22="ND",0,U22*U$3/MAX(Datas!$A$3:$A$6)) -> 0 | AA22: =IF(V22="ND",0,V22*V$3/MAX(Datas!$A$3:$A$6)) -> 0 | AB22: =IF(A22="x",SUM(W22:AA22),"") | AJ22: =AJ21 -> 0 | AK22: =AK21 -> 0 | AL22: =AL21 -> 0 | AM22: =AM21 -> 0 | AN22: =AN21 -> 0 | AO22: =AO21 | AP22: =IF(AP21="","",AP21) | AQ22: =IF(A22="x",(AB22+(AO19*2))/3,"") | AT22: =IF(AT21="","",AT21) | AU22: =IF(AU21="","",AU21)
F23: =IF(F22="","",F22) | W23: =IF(R23="ND",0,R23*R$3/MAX(Datas!$A$3:$A$6)) -> 0 | X23: =IF(S23="ND",0,S23*S$3/MAX(Datas!$A$3:$A$6)) -> 0 | Y23: =IF(T23="ND",0,T23*T$3/MAX(Datas!$A$3:$A$6)) -> 0 | Z23: =IF(U23="ND",0,U23*U$3/MAX(Datas!$A$3:$A$6)) -> 0 | AA23: =IF(V23="ND",0,V23*V$3/MAX(Datas!$A$3:$A$6)) -> 0 | AB23: =IF(A23="x",SUM(W23:AA23),"") | AJ23: =AJ22 -> 0 | AK23: =AK22 -> 0 | AL23: =AL22 -> 0 | AM23: =AM22 -> 0 | AN23: =AN22 -> 0 | AO23: =AO22 | AP23: =IF(AP22="","",AP22) | AQ23: =IF(A23="x",(AB23+(AO19*2))/3,"") | AT23: =IF(AT22="","",AT22) | AU23: =IF(AU22="","",AU22)
